"Name","Color","Rarity","# Seen","ALSA","# Picked","ATA","# GP","% GP","GP WR","# OH","OH WR","# GD","GD WR","# GIH","GIH WR","# GNS","GNS WR","IWD"
"Another Round","W","R","64972","6.27","7953","9.59","1690","3.6%","46.6%","259","","402","","661","40.4%","1029","50.6%","-10.2pp"
"Archangel of Tithes","W","M","9905","2.08","3697","2.15","18171","82.7%","53.9%","2952","54.6%","4325","55.8%","7277","55.3%","10927","52.9%","2.4pp"
"Armored Armadillo","W","C","378941","7.89","40803","11.61","31423","12.9%","51.0%","5421","50.0%","7265","50.8%","12686","50.4%","18704","51.3%","-0.9pp"
"Aven Interrupter","W","R","24080","2.42","8609","2.64","44852","86.6%","55.5%","7735","56.6%","10692","57.5%","18427","57.1%","26391","54.3%","2.8pp"
"Bounding Felidar","W","U","98493","4.11","18079","5.53","86683","80.2%","54.6%","13034","53.6%","20093","55.4%","33127","54.7%","52462","54.4%","0.3pp"
"Bovine Intervention","W","U","136473","6.33","12508","9.99","18372","24.9%","50.7%","2815","46.7%","4488","51.0%","7303","49.4%","11046","51.6%","-2.3pp"
"Bridled Bighorn","W","C","331675","5.83","45982","8.50","179586","64.6%","54.9%","29350","53.4%","41113","54.2%","70463","53.8%","106849","55.4%","-1.5pp"
"Claim Jumper","W","R","27374","2.68","7264","3.14","37100","85.7%","54.1%","6654","53.7%","8627","54.8%","15281","54.3%","21825","54.0%","0.3pp"
"Dust Animus","W","R","13874","1.48","10422","1.47","61258","95.1%","56.7%","10868","60.2%","15325","61.5%","26193","61.0%","35091","53.6%","7.3pp"
"Eriette's Lullaby","W","C","328024","5.70","40155","8.60","128460","53.6%","53.1%","21713","50.7%","31308","54.5%","53021","52.9%","75256","53.2%","-0.3pp"
"Final Showdown","W","M","7883","1.73","4754","1.70","25195","86.6%","56.3%","4115","57.7%","6351","62.0%","10466","60.3%","14685","53.5%","6.8pp"
"Fortune, Loyal Steed","W","R","19736","2.03","9194","2.12","50984","91.8%","55.8%","9058","58.0%","12137","57.2%","21195","57.5%","29077","54.3%","3.2pp"
"Frontier Seeker","W","U","90392","3.75","23474","4.61","123372","85.8%","56.8%","22249","58.6%","28002","56.5%","50251","57.4%","73064","56.3%","1.0pp"
"Getaway Glamer","W","U","97479","4.05","25220","4.92","130368","84.3%","56.6%","21538","56.4%","32006","59.7%","53544","58.4%","76650","55.3%","3.1pp"
"High Noon","W","R","58999","5.77","6611","9.04","3171","8.1%","49.0%","503","46.1%","729","49.5%","1232","48.1%","1936","49.5%","-1.4pp"
"Holy Cow","W","C","289990","4.75","49011","6.66","249507","83.8%","55.7%","43607","55.8%","58873","57.3%","102480","56.7%","146944","55.0%","1.7pp"
"Inventive Wingsmith","W","C","375189","7.58","42227","11.13","45954","18.2%","51.7%","7758","49.9%","11016","51.2%","18774","50.7%","27178","52.4%","-1.7pp"
"Lassoed by the Law","W","U","58974","2.54","26566","2.80","152891","93.2%","57.2%","25793","58.6%","37625","62.2%","63418","60.7%","89298","54.7%","6.0pp"
"Mystical Tether","W","C","212079","3.49","57457","4.38","319723","91.8%","55.6%","54337","55.0%","77557","58.0%","131894","56.8%","187531","54.7%","2.1pp"
"Nurturing Pixie","W","U","129524","5.52","18152","7.97","57355","52.7%","54.4%","9625","52.8%","13399","55.4%","23024","54.3%","34330","54.5%","-0.2pp"
"Omenport Vigilante","W","U","113567","4.74","19058","6.53","82761","72.4%","54.5%","14560","55.6%","18706","53.2%","33266","54.3%","49496","54.6%","-0.3pp"
"One Last Job","W","R","36105","3.48","7315","4.41","29444","67.5%","54.5%","4587","51.3%","6904","56.7%","11491","54.6%","17921","54.5%","0.1pp"
"Outlaw Medic","W","C","336522","5.92","48537","8.51","179405","61.6%","54.5%","31986","55.3%","41976","54.9%","73962","55.1%","105321","54.1%","1.0pp"
"Prairie Dog","W","U","71725","3.01","21514","3.57","116267","89.5%","55.5%","21162","58.5%","27199","55.5%","48361","56.8%","67991","54.5%","2.3pp"
"Prosperity Tycoon","W","U","98439","4.00","24601","5.00","126607","84.0%","56.5%","21089","57.0%","30297","58.3%","51386","57.8%","75233","55.7%","2.1pp"
"Requisition Raid","W","U","126226","5.46","15555","8.09","43136","46.0%","53.9%","6697","51.5%","9968","55.2%","16665","53.7%","26459","54.0%","-0.3pp"
"Rustler Rampage","W","U","146497","6.94","15722","10.49","15260","16.2%","52.6%","2282","50.0%","3489","52.7%","5771","51.7%","9489","53.1%","-1.5pp"
"Shepherd of the Clouds","W","U","61962","2.69","25240","3.01","143676","92.8%","56.5%","23211","56.5%","35196","60.9%","58407","59.1%","84941","54.7%","4.4pp"
"Sheriff of Safe Passage","W","U","124386","5.42","14651","8.01","44523","51.2%","52.9%","7583","51.7%","10191","53.0%","17774","52.4%","26762","53.3%","-0.9pp"
"Stagecoach Security","W","C","357862","6.61","47941","9.58","144097","49.8%","55.2%","22488","53.9%","33558","56.3%","56046","55.3%","88095","55.2%","0.1pp"
"Steer Clear","W","C","354512","6.56","45599","9.58","117225","42.7%","54.5%","19162","52.9%","26771","53.9%","45933","53.5%","71196","55.2%","-1.8pp"
"Sterling Keykeeper","W","C","341844","6.05","53317","8.55","223117","69.0%","55.6%","39202","55.2%","50610","55.5%","89812","55.4%","133220","55.7%","-0.3pp"
"Sterling Supplier","W","C","352645","6.48","51759","9.21","176839","56.4%","55.7%","27426","54.6%","41959","57.3%","69385","56.2%","107489","55.4%","0.8pp"
"Take Up the Shield","W","C","319300","5.48","57831","7.46","262320","74.4%","56.2%","42044","55.7%","61125","58.4%","103169","57.3%","158943","55.5%","1.9pp"
"Thunder Lasso","W","U","132166","5.92","16921","8.62","45532","45.0%","54.0%","7211","52.1%","10398","54.1%","17609","53.3%","27834","54.3%","-1.0pp"
"Trained Arynx","W","C","263522","4.46","62231","5.61","336000","87.8%","56.6%","60535","59.6%","74395","55.1%","134930","57.1%","196988","56.2%","0.9pp"
"Vengeful Townsfolk","W","C","348332","6.32","43593","9.32","139491","53.2%","54.7%","24102","54.4%","31895","54.0%","55997","54.2%","83569","55.1%","-0.9pp"
"Wanted Griffin","W","C","356425","6.56","44273","9.66","119312","44.8%","54.7%","19303","53.3%","28184","55.6%","47487","54.7%","71930","54.7%","0.0pp"
"Archmage's Newt","U","R","40883","3.87","7097","5.20","27239","66.9%","50.9%","4730","52.4%","7236","51.6%","11966","51.9%","15148","50.1%","1.9pp"
"Canyon Crab","U","U","117914","5.02","22442","6.63","97240","74.3%","52.3%","17330","53.5%","26353","54.4%","43683","54.1%","53245","50.8%","3.3pp"
"Daring Thunder-Thief","U","C","378592","7.92","44121","11.41","49733","19.3%","49.7%","8055","48.4%","13391","51.8%","21446","50.5%","28200","49.0%","1.5pp"
"Deepmuck Desperado","U","U","113131","5.00","20286","6.61","77882","67.0%","50.5%","13798","49.5%","21874","53.6%","35672","52.0%","42053","49.1%","2.9pp"
"Djinn of Fool's Fall","U","C","368647","7.33","41988","10.76","76657","31.6%","49.1%","12394","47.8%","20750","51.5%","33144","50.1%","43414","48.2%","1.9pp"
"Double Down","U","M","15478","3.38","3900","3.66","12722","56.7%","50.8%","2183","54.6%","3392","53.5%","5575","53.9%","7049","48.2%","5.7pp"
"Duelist of the Mind","U","R","25707","2.58","9636","2.76","49819","87.3%","53.7%","8844","58.8%","13856","57.2%","22700","57.8%","27004","50.1%","7.7pp"
"Emergent Haunting","U","U","122262","5.33","20883","7.07","75904","62.9%","51.0%","13436","52.5%","20927","51.6%","34363","52.0%","41427","50.1%","1.8pp"
"Failed Fording","U","C","368456","7.29","48270","10.44","108353","38.4%","51.0%","18116","49.3%","30250","55.1%","48366","52.9%","59526","49.4%","3.5pp"
"Fblthp, Lost on the Range","U","R","34718","3.50","6516","4.30","25220","68.8%","48.4%","4208","45.1%","7107","49.4%","11315","47.8%","13815","48.7%","-0.9pp"
"Fleeting Reflection","U","U","152171","7.65","16539","11.35","9004","9.3%","47.0%","1387","44.2%","2440","50.2%","3827","48.0%","5139","46.1%","1.9pp"
"Geralf, the Fleshwright","U","M","7945","1.71","4497","1.67","23675","89.2%","52.9%","4094","55.6%","6574","57.2%","10668","56.6%","12924","49.8%","6.8pp"
"Geyser Drake","U","C","341408","6.42","41360","9.34","123167","51.7%","50.3%","21331","49.3%","33145","52.6%","54476","51.3%","68479","49.5%","1.8pp"
"Harrier Strix","U","C","369025","7.53","41001","10.99","66453","28.0%","49.9%","11440","50.1%","17686","53.6%","29126","52.2%","37161","48.0%","4.2pp"
"Jailbreak Scheme","U","C","368478","7.19","55030","10.00","146258","45.0%","53.3%","24124","51.6%","40758","57.8%","64882","55.5%","80643","51.3%","4.2pp"
"The Key to the Vault","U","R","50541","5.10","5652","7.87","6020","18.6%","45.9%","998","41.4%","1546","46.0%","2544","44.2%","3441","47.1%","-3.0pp"
"Loan Shark","U","C","320957","5.62","48319","7.95","203769","72.2%","52.0%","33876","51.7%","56909","55.1%","90785","53.8%","112544","50.5%","3.3pp"
"Marauding Sphinx","U","U","80177","3.41","22345","4.01","113998","86.2%","53.6%","18530","55.0%","32461","58.6%","50991","57.3%","62701","50.4%","6.9pp"
"Metamorphic Blast","U","U","121983","5.19","20949","7.05","87412","70.7%","53.0%","14286","51.7%","24590","57.7%","38876","55.5%","48108","50.7%","4.8pp"
"Nimble Brigand","U","U","95272","4.02","20420","5.04","97537","82.5%","51.7%","17022","53.0%","26748","54.1%","43770","53.7%","53606","50.1%","3.6pp"
"Outlaw Stitcher","U","U","89666","3.79","22030","4.66","106421","83.5%","51.6%","17446","51.2%","29220","55.0%","46666","53.6%","59448","49.9%","3.7pp"
"Peerless Ropemaster","U","C","380342","7.98","45511","11.47","55228","20.6%","52.2%","8576","51.5%","15428","55.5%","24004","54.1%","31127","50.6%","3.5pp"
"Phantom Interference","U","C","332591","5.97","51025","8.33","200300","66.9%","53.0%","34741","54.3%","55135","57.0%","89876","56.0%","109510","50.5%","5.5pp"
"Plan the Heist","U","U","132575","5.82","21421","8.00","73306","57.8%","53.5%","11953","52.7%","20463","58.0%","32416","56.1%","40704","51.4%","4.6pp"
"Razzle-Dazzler","U","C","352470","6.99","42875","10.01","103167","41.9%","49.2%","18045","48.7%","28052","51.3%","46097","50.3%","56873","48.3%","2.0pp"
"Seize the Secrets","U","C","366759","7.22","45986","10.45","94563","35.3%","51.3%","16164","50.3%","26103","54.8%","42267","53.1%","52061","49.7%","3.4pp"
"Shackle Slinger","U","U","136667","6.32","15585","9.28","31616","35.4%","48.2%","5294","47.3%","8534","51.4%","13828","49.8%","17742","46.9%","2.9pp"
"Shifting Grift","U","U","151828","7.68","16357","11.42","6796","7.1%","46.3%","1073","43.5%","1881","48.2%","2954","46.5%","3822","46.0%","0.4pp"
"Slickshot Lockpicker","U","U","91622","3.80","24241","4.64","121889","85.8%","52.8%","20427","50.4%","34508","58.2%","54935","55.3%","66343","50.5%","4.8pp"
"Slickshot Vault-Buster","U","C","381430","8.24","44259","11.75","41871","16.2%","48.5%","7082","46.5%","11367","49.9%","18449","48.6%","23331","48.4%","0.2pp"
"Spring Splasher","U","C","372341","7.64","45247","10.89","80879","30.8%","48.9%","14029","49.8%","21341","49.7%","35370","49.7%","45298","48.2%","1.5pp"
"Step Between Worlds","U","R","65109","6.28","7932","9.60","1622","3.5%","45.3%","249","","458","","707","47.0%","910","43.8%","3.1pp"
"Stoic Sphinx","U","R","18792","1.96","9710","1.97","52534","90.0%","54.7%","8850","58.8%","14691","60.3%","23541","59.8%","28638","50.5%","9.3pp"
"Stop Cold","U","C","350340","6.60","44218","9.63","129171","50.1%","51.2%","20736","47.9%","35782","55.8%","56518","52.9%","72223","49.7%","3.2pp"
"Take the Fall","U","C","358754","6.87","57490","9.40","188732","55.7%","52.8%","32057","52.2%","53244","57.2%","85301","55.3%","102657","50.7%","4.6pp"
"This Town Ain't Big Enough","U","U","124728","5.33","22857","7.18","89917","67.8%","51.8%","14132","49.3%","25300","56.4%","39432","53.9%","50115","49.9%","4.0pp"
"Three Steps Ahead","U","R","26198","2.62","8939","2.86","45502","85.6%","53.5%","7502","53.6%","12970","60.5%","20472","58.0%","24751","49.6%","8.4pp"
"Visage Bandit","U","U","117397","4.96","19900","6.78","77894","67.5%","51.3%","12879","49.9%","21291","53.9%","34170","52.4%","43543","50.3%","2.1pp"
"Ambush Gigapede","B","C","353374","6.50","56899","9.10","200806","59.2%","54.0%","30291","53.3%","52538","57.9%","82829","56.2%","117417","52.4%","3.8pp"
"Binding Negotiation","B","U","132915","5.75","20988","8.11","68357","55.0%","52.9%","11737","53.7%","17722","55.0%","29459","54.5%","38747","51.7%","2.8pp"
"Blacksnag Buzzard","B","C","363578","6.95","43255","10.27","84771","33.3%","51.2%","14682","49.3%","20866","51.5%","35548","50.6%","49187","51.6%","-1.1pp"
"Blood Hustler","B","U","68007","2.89","21753","3.37","118753","92.2%","53.7%","21364","54.4%","30906","56.7%","52270","55.7%","66373","52.0%","3.7pp"
"Boneyard Desecrator","B","C","367330","7.20","42498","10.67","70359","28.2%","50.7%","11199","48.8%","17390","52.4%","28589","51.0%","41807","50.5%","0.5pp"
"Caustic Bronco","B","R","17915","1.86","10427","1.90","57595","92.2%","54.7%","10417","62.9%","14553","55.6%","24970","58.6%","32374","51.6%","7.0pp"
"Consuming Ashes","B","C","215823","3.69","62012","4.44","336563","90.3%","54.8%","55213","54.4%","88623","59.5%","143836","57.6%","191590","52.7%","4.9pp"
"Corrupted Conviction","B","C","379949","7.88","45097","11.41","48070","18.0%","52.3%","7732","51.8%","11787","52.6%","19519","52.3%","28511","52.2%","0.1pp"
"Desert's Due","B","C","238050","3.96","67050","4.89","360607","89.2%","54.9%","62614","55.0%","94121","58.9%","156735","57.3%","202620","52.9%","4.4pp"
"Desperate Bloodseeker","B","C","290396","4.78","63609","6.36","331861","87.1%","54.7%","59135","56.6%","83850","56.5%","142985","56.5%","188453","53.3%","3.3pp"
"Fake Your Own Death","B","C","370513","7.23","50207","10.41","98338","33.0%","53.3%","15602","53.2%","24519","56.0%","40121","54.9%","58048","52.1%","2.8pp"
"Forsaken Miner","B","U","108675","4.54","17568","6.24","77265","74.4%","53.1%","13825","58.1%","18345","51.4%","32170","54.3%","45052","52.2%","2.1pp"
"Gisa, the Hellraiser","B","M","5919","1.27","4769","1.25","27287","94.2%","55.5%","4658","59.9%","7184","62.3%","11842","61.4%","14970","50.6%","10.8pp"
"Hollow Marauder","B","U","74799","3.24","29184","3.59","162523","91.4%","55.8%","25813","55.4%","42525","61.5%","68338","59.2%","93265","53.2%","6.0pp"
"Insatiable Avarice","B","R","43886","4.18","5875","6.08","15178","44.3%","51.7%","2484","48.4%","3915","56.0%","6399","53.1%","8737","50.6%","2.4pp"
"Kaervek, the Punisher","B","R","22252","2.29","8225","2.43","41414","87.3%","51.4%","7049","49.3%","10720","53.0%","17769","51.5%","23513","51.2%","0.3pp"
"Lively Dirge","B","U","123651","5.28","22007","7.19","78921","60.0%","54.2%","12626","52.3%","20140","58.3%","32766","56.0%","45908","52.9%","3.1pp"
"Mourner's Surprise","B","C","338709","5.96","63395","8.12","254275","66.8%","54.7%","40931","52.7%","64792","58.3%","105723","56.1%","148036","53.7%","2.4pp"
"Neutralize the Guards","B","U","151578","7.31","18179","10.73","14915","13.9%","50.8%","2489","50.0%","3702","53.9%","6191","52.3%","8695","49.6%","2.7pp"
"Nezumi Linkbreaker","B","C","361443","6.93","47833","9.97","119461","42.1%","53.6%","20868","55.6%","29107","54.3%","49975","54.9%","69419","52.7%","2.2pp"
"Overzealous Muscle","B","C","375020","7.56","44190","11.09","68613","26.4%","50.0%","10503","47.4%","17546","51.0%","28049","49.6%","40596","50.2%","-0.6pp"
"Pitiless Carnage","B","R","63645","6.12","7536","9.46","2074","4.6%","46.6%","329","","533","47.5%","862","45.1%","1209","47.6%","-2.5pp"
"Rakish Crew","B","U","119443","5.28","17218","7.35","53276","53.5%","50.7%","9048","47.7%","13145","53.0%","22193","50.8%","31015","50.7%","0.2pp"
"Rattleback Apothecary","B","U","93847","3.83","18297","5.09","92637","86.0%","53.1%","16069","52.4%","23529","55.6%","39598","54.3%","53003","52.3%","2.0pp"
"Raven of Fell Omens","B","C","301976","5.15","49430","7.27","222604","76.7%","52.6%","39585","52.8%","57045","54.6%","96630","53.9%","125649","51.6%","2.2pp"
"Rictus Robber","B","U","96169","3.91","22179","5.08","112754","86.1%","53.4%","19183","53.4%","28609","55.3%","47792","54.6%","64851","52.6%","2.0pp"
"Rooftop Assassin","B","C","334855","5.83","48026","8.53","189468","66.7%","53.2%","30333","52.3%","48652","56.6%","78985","55.0%","110260","51.9%","3.1pp"
"Rush of Dread","B","R","22247","2.31","10410","2.37","55866","89.1%","55.0%","9184","55.2%","14552","62.2%","23736","59.5%","31709","51.4%","8.0pp"
"Servant of the Stinger","B","U","92471","3.69","23414","4.65","125022","89.3%","54.6%","22158","56.1%","31914","56.6%","54072","56.4%","70796","53.1%","3.3pp"
"Shoot the Sheriff","B","U","73311","3.07","23174","3.61","126811","91.3%","54.6%","22185","54.8%","32973","59.4%","55158","57.5%","71215","52.2%","5.4pp"
"Skulduggery","B","C","350389","6.36","52709","9.03","160075","51.6%","52.2%","26333","51.3%","40185","54.2%","66518","53.1%","93273","51.5%","1.6pp"
"Tinybones Joins Up","B","R","53810","5.20","5873","8.18","4653","13.5%","47.9%","775","46.2%","1178","49.7%","1953","48.3%","2688","47.5%","0.8pp"
"Tinybones, the Pickpocket","B","M","9825","2.00","3803","2.13","19499","87.5%","53.5%","3389","57.1%","4981","55.2%","8370","56.0%","11084","51.6%","4.4pp"
"Treasure Dredger","B","U","113778","4.66","20780","6.41","96895","79.3%","52.4%","17522","53.7%","24213","52.7%","41735","53.1%","55051","51.9%","1.2pp"
"Unfortunate Accident","B","U","75637","3.12","24182","3.66","131838","90.7%","54.5%","21964","53.6%","34558","59.0%","56522","56.9%","74866","52.5%","4.4pp"
"Unscrupulous Contractor","B","U","106060","4.33","20080","5.89","93311","78.7%","53.1%","15952","51.7%","23509","55.8%","39461","54.1%","53683","52.4%","1.7pp"
"Vadmir, New Blood","B","R","17258","1.80","9641","1.84","53753","93.3%","54.5%","9657","59.9%","13943","56.6%","23600","57.9%","30135","51.7%","6.2pp"
"Vault Plunderer","B","C","263643","4.30","63725","5.57","346712","90.1%","55.2%","61585","56.3%","89025","58.0%","150610","57.3%","195586","53.5%","3.8pp"
"Brimstone Roundup","R","U","136221","6.39","15471","9.37","26168","29.3%","48.2%","4456","46.4%","6816","48.8%","11272","47.9%","14861","48.3%","-0.5pp"
"Calamity, Galloping Inferno","R","R","15262","1.64","8614","1.63","46075","90.4%","53.4%","7529","53.3%","10945","56.4%","18474","55.1%","27128","52.0%","3.2pp"
"Caught in the Crossfire","R","U","141966","6.63","14837","9.95","18538","21.4%","49.6%","2944","46.5%","4485","49.9%","7429","48.5%","11080","50.3%","-1.8pp"
"Cunning Coyote","R","U","105051","4.32","18646","5.71","88402","79.8%","53.8%","15708","55.3%","20162","53.7%","35870","54.4%","52484","53.3%","1.1pp"
"Deadeye Duelist","R","C","325946","5.79","40978","8.30","158103","66.3%","51.2%","27959","50.4%","37340","51.5%","65299","51.1%","92626","51.2%","-0.1pp"
"Demonic Ruckus","R","U","130005","5.64","16332","8.11","50369","52.7%","52.7%","8531","53.4%","11488","52.3%","20019","52.8%","30328","52.6%","0.2pp"
"Discerning Peddler","R","C","350005","6.45","43830","9.22","160549","61.6%","53.5%","28540","54.2%","36959","52.9%","65499","53.5%","94970","53.4%","0.1pp"
"Explosive Derailment","R","C","260730","4.28","47085","5.77","238217","85.4%","53.5%","40091","52.4%","57562","55.8%","97653","54.4%","140159","52.8%","1.6pp"
"Ferocification","R","U","137895","6.51","13941","9.88","20791","25.4%","51.2%","3348","48.7%","4680","51.0%","8028","50.1%","12760","51.9%","-1.8pp"
"Gila Courser","R","U","106504","4.39","19000","5.84","87913","77.9%","53.5%","15401","53.3%","20124","53.2%","35525","53.2%","52116","53.6%","-0.4pp"
"Great Train Heist","R","R","29332","2.95","6903","3.41","30551","75.8%","52.3%","4668","51.5%","7053","55.2%","11721","53.7%","18780","51.4%","2.4pp"
"Hell to Pay","R","R","30048","2.92","6532","3.49","31534","83.2%","51.3%","5334","48.9%","7546","53.3%","12880","51.5%","18582","51.2%","0.3pp"
"Hellspur Brute","R","U","106273","4.47","16648","6.02","76339","77.5%","52.9%","12359","53.4%","18047","54.4%","30406","54.0%","45990","52.2%","1.8pp"
"Hellspur Posse Boss","R","R","17942","1.91","8912","1.92","48308","88.6%","55.8%","8233","60.6%","11549","61.6%","19782","61.2%","28381","52.0%","9.2pp"
"Highway Robbery","R","C","371604","7.38","45939","10.58","96376","35.6%","52.2%","16824","49.9%","23639","53.4%","40463","51.9%","55806","52.4%","-0.4pp"
"Irascible Wolverine","R","C","338276","6.02","46088","8.55","165775","60.9%","52.7%","28501","51.0%","39487","53.0%","67988","52.1%","97691","53.1%","-1.0pp"
"Iron-Fist Pulverizer","R","C","368777","7.29","39579","10.77","68810","29.5%","51.2%","10722","49.4%","17509","53.2%","28231","51.8%","40641","50.8%","1.0pp"
"Longhorn Sharpshooter","R","U","74546","3.06","20343","3.72","109403","89.6%","54.4%","18713","55.6%","26431","57.3%","45144","56.6%","64101","52.8%","3.8pp"
"Magda, the Hoardmaster","R","R","17415","1.80","8217","1.84","43900","90.9%","52.7%","7926","56.6%","10757","54.0%","18683","55.1%","25170","51.0%","4.1pp"
"Magebane Lizard","R","U","150633","7.48","14682","11.35","8023","9.3%","49.4%","1378","45.5%","1808","46.8%","3186","46.2%","4837","51.4%","-5.2pp"
"Mine Raider","R","C","346794","6.34","40297","9.26","128139","54.1%","51.7%","21833","50.8%","29854","51.7%","51687","51.4%","76368","51.9%","-0.6pp"
"Outlaws' Fury","R","C","382144","8.24","41983","11.82","38944","15.7%","52.3%","5955","50.2%","8650","53.0%","14605","51.9%","24323","52.6%","-0.7pp"
"Prickly Pair","R","C","297569","5.02","49573","6.80","236591","80.1%","53.8%","41200","54.4%","54694","54.1%","95894","54.2%","140531","53.6%","0.6pp"
"Quick Draw","R","C","382205","8.29","39461","12.06","24060","10.3%","50.8%","3701","48.5%","5457","50.1%","9158","49.5%","14877","51.5%","-2.1pp"
"Quilled Charger","R","C","365573","7.00","41594","10.27","95807","39.1%","52.3%","15653","50.8%","21441","51.4%","37094","51.1%","58395","53.0%","-1.8pp"
"Reckless Lackey","R","C","352391","6.72","37153","9.86","98937","45.5%","52.1%","17431","54.1%","22439","50.6%","39870","52.1%","59008","52.1%","0.1pp"
"Resilient Roadrunner","R","U","121706","5.13","17774","7.13","71860","68.3%","53.3%","12630","53.9%","16430","52.9%","29060","53.3%","42796","53.2%","0.1pp"
"Return the Favor","R","U","146266","7.03","15950","10.42","17703","19.0%","49.6%","2705","46.4%","4206","50.0%","6911","48.6%","10761","50.2%","-1.6pp"
"Rodeo Pyromancers","R","C","368966","7.61","34825","11.48","32759","16.1%","48.0%","5163","47.9%","8180","47.9%","13343","47.9%","19432","48.1%","-0.2pp"
"Scalestorm Summoner","R","U","91651","3.81","17919","4.91","85602","79.7%","54.4%","14849","57.4%","19318","53.7%","34167","55.3%","51474","53.8%","1.5pp"
"Scorching Shot","R","U","91829","3.79","17431","4.93","87452","84.5%","53.5%","14485","52.8%","20831","55.5%","35316","54.4%","52028","52.9%","1.5pp"
"Slickshot Show-Off","R","R","24650","2.53","6188","2.75","28188","78.9%","51.2%","5030","52.3%","6856","51.6%","11886","51.9%","16273","50.8%","1.1pp"
"Stingerback Terror","R","R","15980","1.67","9046","1.67","50877","93.1%","55.0%","8871","57.5%","12482","59.8%","21353","58.9%","29393","52.1%","6.8pp"
"Take for a Ride","R","U","143619","6.61","18081","9.57","31777","30.1%","51.2%","4941","49.1%","7414","52.5%","12355","51.2%","19372","51.2%","0.0pp"
"Terror of the Peaks","R","M","5974","1.27","4546","1.25","25138","92.7%","54.3%","4192","58.0%","6191","60.8%","10383","59.7%","14607","50.3%","9.4pp"
"Thunder Salvo","R","C","302605","5.15","43732","7.24","187361","72.9%","52.5%","31982","52.1%","45230","53.8%","77212","53.1%","109825","52.1%","1.0pp"
"Trick Shot","R","C","369436","7.28","40555","10.72","64903","27.1%","51.5%","9862","49.2%","15565","53.6%","25427","51.9%","39399","51.2%","0.6pp"
"Aloe Alchemist","G","U","71857","2.94","24489","3.51","139522","93.4%","56.1%","24690","57.6%","32079","57.4%","56769","57.5%","82494","55.1%","2.3pp"
"Ankle Biter","G","C","339925","5.97","47369","8.79","175803","61.7%","54.2%","30629","54.8%","40520","53.0%","71149","53.8%","104164","54.5%","-0.6pp"
"Beastbond Outcaster","G","U","73821","3.06","25241","3.61","143474","92.8%","56.7%","25154","59.1%","33415","57.9%","58569","58.4%","84659","55.5%","2.9pp"
"Betrayal at the Vault","G","U","113677","4.67","23076","6.22","107952","77.5%","55.3%","16058","53.8%","25667","57.9%","41725","56.3%","66022","54.6%","1.7pp"
"Bristlepack Sentry","G","C","328849","5.60","59955","7.79","276091","75.9%","55.3%","48758","55.9%","62011","54.3%","110769","55.0%","164893","55.5%","-0.5pp"
"Bristly Bill, Spine Sower","G","M","6057","1.28","5089","1.28","29948","93.9%","58.0%","5453","66.8%","7243","61.1%","12696","63.5%","17175","53.8%","9.7pp"
"Cactarantula","G","C","230573","3.86","58606","4.94","321718","90.3%","55.5%","51536","55.3%","77275","57.4%","128811","56.6%","192095","54.8%","1.7pp"
"Colossal Rattlewurm","G","R","14028","1.47","10343","1.48","59891","94.3%","56.7%","10339","60.4%","14308","61.1%","24647","60.8%","34985","53.8%","7.0pp"
"Dance of the Tumbleweeds","G","C","262191","4.31","57441","5.75","297531","85.3%","55.6%","51461","54.1%","70917","58.4%","122378","56.6%","174162","54.9%","1.7pp"
"Drover Grizzly","G","C","302824","4.99","57520","6.93","293753","84.2%","55.6%","50789","54.9%","66339","55.0%","117128","55.0%","174270","55.9%","-0.9pp"
"Freestrider Commando","G","C","306172","5.03","47932","7.32","218254","76.0%","53.7%","37368","52.7%","51021","53.2%","88389","53.0%","129881","54.2%","-1.1pp"
"Freestrider Lookout","G","R","18095","1.85","9490","1.92","52089","92.1%","54.4%","9359","56.6%","12489","55.7%","21848","56.0%","30195","53.2%","2.9pp"
"Full Steam Ahead","G","U","142938","6.48","18538","9.51","38212","34.4%","53.6%","5629","51.2%","8792","55.9%","14421","54.1%","23748","53.2%","0.8pp"
"Giant Beaver","G","C","254821","4.10","56120","5.55","313772","92.1%","55.5%","52595","55.0%","72995","55.9%","125590","55.5%","185919","55.5%","0.0pp"
"Gold Rush","G","U","138561","5.82","19647","8.54","58674","50.0%","53.3%","9341","51.3%","13394","53.7%","22735","52.7%","35810","53.6%","-0.9pp"
"Goldvein Hydra","G","M","6188","1.31","4921","1.31","28589","94.4%","55.9%","5061","56.1%","6897","61.2%","11958","59.0%","16431","53.3%","5.7pp"
"Hardbristle Bandit","G","C","216982","3.53","53708","4.58","294646","91.0%","55.1%","53354","58.8%","66771","53.1%","120125","55.6%","173786","54.7%","0.9pp"
"Intrepid Stablemaster","G","U","72320","2.98","22633","3.59","129153","93.2%","55.9%","23176","59.4%","28859","54.7%","52035","56.8%","76920","55.3%","1.5pp"
"Map the Frontier","G","U","140836","6.35","16528","9.59","28380","29.2%","51.1%","4797","49.3%","6796","50.9%","11593","50.2%","16725","51.7%","-1.5pp"
"Ornery Tumblewagg","G","R","13397","1.40","10488","1.40","62335","95.4%","57.5%","11155","64.7%","14796","60.9%","25951","62.5%","35705","53.8%","8.8pp"
"Outcaster Greenblade","G","U","57923","2.54","28932","2.75","165234","92.2%","57.5%","29871","61.1%","39526","61.4%","69397","61.3%","95350","54.7%","6.6pp"
"Outcaster Trailblazer","G","R","15800","1.65","9835","1.66","55929","93.4%","56.1%","10018","60.5%","13133","58.3%","23151","59.3%","32671","53.8%","5.5pp"
"Patient Naturalist","G","C","276358","4.54","65697","5.95","340160","85.0%","56.0%","60728","56.7%","78685","56.3%","139413","56.5%","200139","55.6%","0.9pp"
"Railway Brawler","G","M","5809","1.23","5056","1.22","30618","96.4%","58.0%","5326","66.5%","7517","64.1%","12843","65.1%","17462","52.5%","12.6pp"
"Rambling Possum","G","U","90609","3.64","22323","4.68","121143","90.1%","55.1%","21148","54.6%","27622","54.6%","48770","54.6%","71470","55.3%","-0.7pp"
"Raucous Entertainer","G","U","99138","3.98","20507","5.32","104202","85.6%","53.7%","18313","52.6%","23580","52.4%","41893","52.5%","62147","54.6%","-2.1pp"
"Reach for the Sky","G","C","374479","7.50","47887","10.84","67796","23.5%","54.5%","10460","53.8%","15643","56.2%","26103","55.3%","41600","54.1%","1.2pp"
"Rise of the Varmints","G","U","127296","5.40","21525","7.39","66867","52.1%","53.3%","10587","50.3%","15898","56.9%","26485","54.2%","40185","52.7%","1.6pp"
"Smuggler's Surprise","G","R","30169","2.98","8021","3.45","37921","78.7%","55.2%","6287","55.0%","8989","57.8%","15276","56.7%","22535","54.1%","2.6pp"
"Snakeskin Veil","G","C","298300","4.95","62554","6.70","319969","84.1%","56.0%","51234","56.4%","74425","57.6%","125659","57.1%","193480","55.3%","1.8pp"
"Spinewoods Armadillo","G","U","54645","2.37","25887","2.62","151453","94.7%","57.1%","26462","60.0%","36214","61.0%","62676","60.6%","88099","54.5%","6.1pp"
"Spinewoods Paladin","G","C","238534","3.86","61815","5.00","350687","93.3%","55.7%","58654","55.6%","84058","58.0%","142712","57.0%","207531","54.9%","2.1pp"
"Stubborn Burrowfiend","G","U","77731","3.25","28870","3.76","163606","92.0%","56.6%","29710","59.5%","37343","56.5%","67053","57.8%","95381","55.7%","2.1pp"
"Throw from the Saddle","G","C","201483","3.40","68560","4.06","394270","93.4%","56.7%","65786","57.5%","93267","59.9%","159053","58.9%","234062","55.1%","3.8pp"
"Trash the Town","G","U","85430","3.48","24820","4.25","135766","89.3%","56.4%","22157","56.0%","31880","59.6%","54037","58.1%","81347","55.3%","2.9pp"
"Tumbleweed Rising","G","C","341942","6.07","53059","8.66","166349","51.8%","55.3%","26976","54.8%","38449","56.3%","65425","55.7%","100612","55.0%","0.7pp"
"Voracious Varmint","G","C","323802","5.35","55383","7.64","259905","77.6%","55.0%","45368","54.8%","59140","54.4%","104508","54.6%","154819","55.3%","-0.7pp"
"Akul the Unrepentant","BR","R","33586","3.41","6746","4.10","25683","65.9%","51.3%","4112","52.0%","6371","54.6%","10483","53.6%","15150","49.7%","3.9pp"
"Annie Flash, the Veteran","WRG","M","10134","2.20","4899","2.18","25524","86.0%","55.8%","4157","56.6%","5985","60.9%","10142","59.2%","15266","53.5%","5.6pp"
"Annie Joins Up","WRG","R","53429","5.04","7651","7.30","16593","36.4%","53.5%","2683","52.7%","3746","54.2%","6429","53.6%","10144","53.5%","0.1pp"
"Assimilation Aegis","WU","M","11876","2.53","4708","2.62","21648","77.8%","53.6%","3647","54.3%","5722","58.4%","9369","56.8%","12199","51.0%","5.8pp"
"At Knifepoint","BR","U","111557","5.04","17847","6.72","63553","62.3%","50.0%","10676","49.7%","15899","50.7%","26575","50.3%","36811","49.7%","0.5pp"
"Badlands Revival","BG","U","100005","4.24","26853","5.21","125545","78.0%","54.6%","19761","52.5%","31600","58.7%","51361","56.3%","73549","53.4%","3.0pp"
"Baron Bertram Graywater","WB","U","115947","5.06","19067","6.96","65105","57.9%","52.6%","10615","50.8%","16589","55.7%","27204","53.8%","37935","51.8%","2.0pp"
"Bonny Pall, Clearcutter","UG","R","14966","1.64","11113","1.58","64088","92.5%","57.4%","10693","64.1%","17097","67.6%","27790","66.2%","35394","50.0%","16.3pp"
"Breeches, the Blastmaker","UR","R","48183","4.78","6949","6.68","14235","35.7%","48.5%","2416","48.3%","3852","50.2%","6268","49.5%","7955","47.6%","1.8pp"
"Bruse Tarl, Roving Rancher","WR","R","20060","2.14","10576","2.12","57589","89.0%","56.2%","10001","60.2%","13672","61.3%","23673","60.8%","33764","53.0%","7.8pp"
"Cactusfolk Sureshot","RG","U","94251","4.03","19836","5.13","91069","76.1%","55.4%","15161","57.8%","20739","56.9%","35900","57.3%","55090","54.1%","3.2pp"
"Congregation Gryff","WG","U","81315","3.48","24181","4.10","128769","86.2%","57.1%","22471","58.2%","29741","57.5%","52212","57.8%","74653","56.4%","1.4pp"
"Doc Aurlock, Grizzled Genius","UG","U","124788","5.67","18426","7.81","50261","47.0%","51.7%","8456","53.6%","12638","51.8%","21094","52.6%","28819","51.1%","1.5pp"
"Eriette, the Beguiler","WUB","R","61046","5.80","7433","8.95","4155","9.5%","51.5%","687","47.7%","1156","56.9%","1843","53.5%","2312","49.9%","3.6pp"
"Ertha Jo, Frontier Mentor","WR","U","107909","4.61","18870","6.19","72661","64.5%","54.3%","11872","55.1%","16585","56.6%","28457","56.0%","44215","53.2%","2.7pp"
"Form a Posse","WR","U","124557","5.37","18778","7.57","60784","54.5%","53.1%","9488","51.1%","14052","55.7%","23540","53.9%","37187","52.5%","1.3pp"
"Ghired, Mirror of the Wilds","WRG","M","18784","3.77","3295","4.93","9025","46.7%","53.2%","1475","51.9%","1993","54.9%","3468","53.6%","5552","52.9%","0.7pp"
"The Gitrog, Ravenous Ride","BG","M","7081","1.52","5085","1.49","28641","92.8%","55.6%","4823","57.5%","7104","61.4%","11927","59.9%","16247","52.0%","7.8pp"
"Honest Rutstein","BG","U","72671","3.19","26302","3.61","136815","85.7%","55.6%","23167","55.5%","33879","60.2%","57046","58.3%","78881","53.5%","4.8pp"
"Intimidation Campaign","UB","U","105646","4.67","23192","5.78","96497","71.0%","52.3%","16386","50.2%","26861","56.7%","43247","54.2%","52480","50.5%","3.8pp"
"Jem Lightfoote, Sky Explorer","WU","U","110467","4.90","17006","6.69","56964","58.3%","50.3%","9435","49.5%","15541","52.9%","24976","51.6%","32015","49.3%","2.3pp"
"Jolene, Plundering Pugilist","RG","U","97774","4.17","19351","5.40","85877","73.7%","54.8%","14805","56.4%","19505","55.9%","34310","56.1%","51541","53.9%","2.3pp"
"Kambal, Profiteering Mayor","WB","R","34872","3.53","7678","4.27","30488","67.6%","52.8%","5131","55.3%","7609","55.7%","12740","55.5%","17734","50.9%","4.6pp"
"Kellan Joins Up","WUG","R","61665","5.97","7408","9.23","2253","5.2%","45.2%","359","","581","43.7%","940","41.3%","1298","47.9%","-6.6pp"
"Kellan, the Kid","WUG","M","14890","3.14","3813","3.56","13557","61.7%","51.8%","2327","54.0%","3438","55.9%","5765","55.1%","7750","49.1%","6.1pp"
"Kraum, Violent Cacophony","UR","U","110184","4.93","18101","6.52","66007","62.7%","51.3%","10973","52.3%","18839","55.0%","29812","54.0%","36172","49.0%","5.0pp"
"Laughing Jasper Flint","BR","R","17116","1.84","10164","1.81","56217","91.7%","54.3%","9688","58.0%","14297","58.6%","23985","58.3%","31888","51.1%","7.2pp"
"Lazav, Familiar Stranger","UB","U","103461","4.47","21365","5.72","90798","73.0%","52.0%","15470","51.7%","25423","55.4%","40893","54.0%","49709","50.2%","3.8pp"
"Lilah, Undefeated Slickshot","UR","R","45551","4.54","7113","6.15","19021","46.3%","50.3%","3262","51.8%","5426","53.3%","8688","52.7%","10295","48.2%","4.5pp"
"Make Your Own Luck","UG","U","113731","4.83","24549","6.32","98154","67.3%","53.6%","15954","53.1%","25475","56.6%","41429","55.2%","56395","52.3%","2.9pp"
"Malcolm, the Eyes","UR","R","37464","3.87","7577","4.65","28057","63.5%","51.9%","4855","55.8%","7896","56.1%","12751","56.0%","15228","48.3%","7.7pp"
"Marchesa, Dealer of Death","UBR","R","34630","3.51","8967","3.95","34845","67.2%","50.8%","5730","50.8%","9739","54.9%","15469","53.4%","19279","48.6%","4.8pp"
"Miriam, Herd Whisperer","WG","U","82473","3.64","24100","4.15","123043","82.6%","57.2%","21489","60.3%","27619","57.5%","49108","58.7%","73878","56.2%","2.5pp"
"Obeka, Splitter of Seconds","UBR","R","61555","6.02","7005","9.43","1014","2.5%","39.5%","159","","256","","415","","600","41.5%",""
"Oko, the Ringleader","UG","M","6429","1.36","4785","1.34","25708","90.5%","54.3%","4308","57.3%","6627","59.5%","10935","58.6%","14629","50.9%","7.7pp"
"Pillage the Bog","BG","R","50940","4.71","8855","6.54","26446","50.8%","53.5%","4418","50.8%","6574","57.6%","10992","54.9%","15383","52.6%","2.3pp"
"Rakdos Joins Up","BR","R","37582","3.71","6644","4.79","22781","58.9%","51.9%","3607","49.8%","5570","55.6%","9177","53.4%","13507","50.7%","2.6pp"
"Rakdos, the Muscle","BR","M","7404","1.63","4906","1.58","27699","91.6%","56.2%","4667","62.5%","7248","64.9%","11915","64.0%","15466","49.7%","14.3pp"
"Riku of Many Paths","URG","R","56029","5.38","7456","8.00","6554","15.0%","49.0%","1085","46.5%","1800","51.2%","2885","49.5%","3658","48.6%","0.9pp"
"Roxanne, Starfall Savant","RG","R","15371","1.65","10676","1.62","61863","92.8%","57.4%","10545","63.6%","14943","63.8%","25488","63.7%","35897","52.8%","11.0pp"
"Ruthless Lawbringer","WB","U","109902","4.69","24279","5.91","103753","71.0%","55.5%","17199","55.9%","26224","59.8%","43423","58.2%","60130","53.6%","4.6pp"
"Satoru, the Infiltrator","UB","R","38864","3.89","8035","4.84","26801","57.6%","51.1%","4605","52.2%","7379","54.6%","11984","53.7%","14754","48.9%","4.8pp"
"Selvala, Eager Trailblazer","WG","M","6919","1.47","5109","1.46","29007","92.4%","56.4%","4958","63.7%","7032","61.0%","11990","62.1%","16963","52.3%","9.8pp"
"Seraphic Steed","WG","R","18896","2.06","10287","2.05","57416","89.7%","57.6%","10172","66.0%","13286","60.3%","23458","62.8%","33117","53.8%","9.0pp"
"Slick Sequence","UR","U","126837","5.76","18424","7.94","58791","54.5%","51.7%","9875","52.3%","16885","57.0%","26760","55.2%","31834","48.6%","6.7pp"
"Taii Wakeen, Perfect Shot","WR","R","46532","4.55","7385","6.25","19760","45.4%","52.6%","3453","53.7%","4313","52.0%","7766","52.7%","12007","52.6%","0.2pp"
"Vial Smasher, Gleeful Grenadier","BR","U","101356","4.54","17109","5.93","69973","70.1%","51.9%","11981","55.7%","16820","52.8%","28801","54.0%","41123","50.4%","3.6pp"
"Vraska Joins Up","BG","R","57885","5.62","6624","8.82","3151","8.1%","45.8%","462","","746","46.4%","1208","43.6%","1932","47.0%","-3.4pp"
"Vraska, the Silencer","BG","M","10774","2.26","4119","2.38","19087","79.1%","52.7%","3270","52.8%","4729","55.8%","7999","54.6%","11028","51.3%","3.3pp"
"Wrangler of the Damned","WU","U","115190","5.11","18270","6.95","60479","57.7%","49.9%","9795","48.6%","16511","52.1%","26306","50.8%","34093","49.2%","1.6pp"
"Wylie Duke, Atiin Hero","WG","R","23066","2.41","9901","2.46","51459","85.3%","56.5%","9037","59.1%","11753","60.1%","20790","59.7%","30630","54.3%","5.4pp"
"Bandit's Haul","","U","129911","5.44","22108","7.34","82856","63.2%","53.0%","15147","53.3%","21464","54.1%","36611","53.7%","46122","52.3%","1.4pp"
"Boom Box","","U","157524","7.71","17591","11.40","9248","8.9%","51.1%","1469","47.8%","2385","52.8%","3854","50.9%","5372","51.3%","-0.4pp"
"Gold Pan","","C","380819","7.59","46768","11.00","60891","21.8%","52.5%","11002","53.5%","13725","51.4%","24727","52.3%","35979","52.6%","-0.3pp"
"Lavaspur Boots","","U","152968","7.32","15203","11.17","10933","12.1%","53.3%","1802","53.6%","2412","50.7%","4214","51.9%","6702","54.1%","-2.2pp"
"Luxurious Locomotive","","U","153700","7.21","17438","10.76","18406","17.7%","50.8%","2832","48.0%","4475","50.4%","7307","49.5%","11106","51.7%","-2.3pp"
"Mobile Homestead","","U","118895","4.77","23457","6.42","104882","73.8%","55.4%","19121","58.6%","23610","53.8%","42731","55.9%","62106","55.1%","0.9pp"
"Oasis Gardener","","C","354784","6.18","50857","8.99","171480","56.7%","53.2%","30948","53.1%","41731","54.4%","72679","53.9%","98417","52.6%","1.2pp"
"Redrock Sentinel","","U","150233","6.77","23193","9.53","65552","47.3%","53.9%","11424","52.3%","16533","55.9%","27957","54.4%","37479","53.4%","1.0pp"
"Silver Deputy","","C","368473","6.85","46880","9.99","114152","41.4%","51.2%","21639","49.2%","26618","50.6%","48257","49.9%","65653","52.1%","-2.2pp"
"Sterling Hound","","C","383024","7.63","54473","10.78","104287","32.1%","53.4%","18563","52.4%","25113","54.1%","43676","53.4%","60445","53.4%","-0.1pp"
"Tomb Trawler","","U","160843","8.35","20148","11.80","11059","9.3%","51.2%","1883","46.0%","2980","51.7%","4863","49.5%","6146","52.4%","-2.9pp"
"Abraded Bluffs","","C","176772","5.05","33251","7.04","155147","77.7%","54.4%","27832","56.2%","34840","52.7%","62672","54.3%","88906","54.1%","0.2pp"
"Arid Archway","","U","144359","6.16","22924","8.68","85525","62.7%","53.6%","14243","50.1%","19739","52.0%","33982","51.2%","49092","54.7%","-3.5pp"
"Bristling Backwoods","","C","165608","4.63","34202","6.40","171724","83.0%","55.0%","31545","57.5%","37432","53.2%","68977","55.1%","96957","54.4%","0.8pp"
"Conduit Pylons","","C","321231","5.08","61805","7.17","339925","90.9%","55.1%","62465","55.3%","79052","56.1%","141517","55.7%","187520","54.1%","1.6pp"
"Creosote Heath","","C","159690","4.40","36767","5.97","199080","89.1%","55.9%","37046","58.4%","42911","53.8%","79957","55.9%","112573","55.5%","0.4pp"
"Eroded Canyon","","C","176869","5.19","33279","7.13","150543","76.7%","52.9%","27430","54.5%","38524","54.1%","65954","54.2%","81734","51.4%","2.9pp"
"Festering Gulch","","C","158838","4.45","39885","5.91","210879","87.7%","55.2%","38668","57.3%","48540","55.4%","87208","56.2%","115644","53.7%","2.5pp"
"Forlorn Flats","","C","173535","4.90","37911","6.69","187257","82.2%","54.7%","34245","56.6%","44134","54.9%","78379","55.6%","104413","53.6%","2.0pp"
"Jagged Barrens","","C","162632","4.61","33951","6.26","170459","84.2%","53.8%","31408","55.8%","41552","54.2%","72960","54.9%","94283","52.5%","2.4pp"
"Lonely Arroyo","","C","180671","5.26","35144","7.29","155624","74.6%","53.6%","28111","54.9%","38415","54.0%","66526","54.3%","85417","52.5%","1.8pp"
"Lush Oasis","","C","168011","4.79","37092","6.48","181965","81.5%","54.7%","33404","56.6%","43576","55.0%","76980","55.7%","98616","53.3%","2.4pp"
"Mirage Mesa","","C","284689","4.36","62331","6.05","355219","94.9%","54.6%","65918","56.4%","82462","52.8%","148380","54.4%","201711","54.6%","-0.3pp"
"Sandstorm Verge","","U","153740","7.02","19098","10.30","49176","42.9%","54.4%","7964","54.0%","11216","54.8%","19180","54.5%","28929","54.0%","0.5pp"
"Soured Springs","","C","164645","4.72","37535","6.26","187893","84.1%","54.0%","34697","56.4%","48132","55.5%","82829","55.9%","100969","52.0%","3.9pp"
"Jace Reawakened","U","M","10329","2.14","3372","2.22","14541","76.5%","49.4%","2468","48.2%","4042","52.3%","6510","50.7%","7981","48.3%","2.5pp"
"Bucolic Ranch","","U","145632","6.21","23283","8.74","84212","59.4%","56.7%","14524","56.7%","18054","55.4%","32578","56.0%","49009","56.8%","-0.8pp"
"Blooming Marsh","","R","44765","3.81","8854","5.29","38331","73.3%","53.3%","7100","55.5%","8844","52.1%","15944","53.6%","22272","53.1%","0.6pp"
"Botanical Sanctum","","R","46735","4.05","8220","5.72","30863","64.2%","52.7%","5775","54.7%","7554","51.9%","13329","53.2%","17302","52.3%","0.9pp"
"Concealed Courtyard","","R","47549","4.08","7982","5.89","30579","64.5%","53.7%","5702","56.0%","7045","52.3%","12747","53.9%","17821","53.5%","0.4pp"
"Inspiring Vantage","","R","47483","4.10","7388","5.84","27786","63.5%","53.7%","5235","53.8%","6018","51.4%","11253","52.5%","16512","54.4%","-1.9pp"
"Spirebluff Canal","","R","48549","4.24","7231","6.11","24811","59.4%","50.4%","4517","53.5%","6334","50.6%","10851","51.8%","13890","49.2%","2.6pp"
"Stoneforge Mystic","W","M","3888","3.67","638","4.85","1142","30.3%","53.3%","184","","247","","431","","710","50.3%",""
"Brazen Borrower","U","M","2074","2.10","902","2.18","4530","85.1%","53.6%","849","57.6%","1237","59.0%","2086","58.4%","2415","49.2%","9.2pp"
"Desertion","U","M","2778","2.72","852","3.05","4273","83.4%","53.9%","720","55.3%","1195","58.7%","1915","57.4%","2323","50.6%","6.8pp"
"Morbid Opportunist","B","M","1866","1.88","939","1.97","5210","93.8%","53.6%","877","57.1%","1309","56.8%","2186","56.9%","3011","51.2%","5.7pp"
"Port Razer","R","M","2919","2.91","435","","1571","62.3%","50.2%","239","","354","","593","49.2%","978","50.6%","-1.4pp"
"Scapeshift","G","M","5917","5.55","697","8.57","89","2.1%","","14","","30","","44","","45","",""
"Mystic Snake","UG","M","3804","3.55","787","4.48","2782","59.1%","52.4%","465","","719","56.9%","1184","55.6%","1571","49.8%","5.7pp"
"Notion Thief","UB","M","3823","3.55","701","4.67","1970","51.1%","45.2%","345","","538","49.4%","883","46.0%","1076","44.4%","1.6pp"
"Desert","","M","3618","3.30","664","4.13","3131","80.2%","53.4%","530","55.1%","727","57.5%","1257","56.5%","1783","51.1%","5.4pp"
"Prismatic Vista","","M","2730","2.48","846","2.94","4891","97.4%","53.4%","926","52.5%","1138","52.5%","2064","52.5%","2814","54.0%","-1.5pp"
"Collector's Cage","W","M","6164","1.75","4014","1.76","23278","93.2%","57.7%","4119","61.6%","5953","62.8%","10072","62.3%","13165","54.1%","8.3pp"
"Grand Abolisher","W","M","14529","3.73","2026","5.22","6127","51.6%","52.1%","1013","52.5%","1391","52.0%","2404","52.2%","3725","52.1%","0.1pp"
"Oltec Matterweaver","W","M","6184","1.79","3261","1.85","18160","91.7%","55.3%","3186","59.2%","4455","56.2%","7641","57.4%","10514","53.7%","3.7pp"
"Rest in Peace","W","M","23542","5.97","2807","9.29","69","0.4%","","7","","13","","20","","49","",""
"Esoteric Duplicator","U","M","20456","5.21","2538","7.97","1216","8.2%","46.0%","211","","335","","546","44.9%","664","46.8%","-2.0pp"
"Simulacrum Synthesizer","U","M","17912","4.77","2138","7.27","961","7.6%","46.4%","189","","276","","465","","491","",""
"Worldwalker Helm","U","M","21189","5.44","2488","8.49","542","3.7%","45.2%","100","","133","","233","","304","",""
"Greed's Gambit","B","M","19492","4.95","2432","7.44","2567","17.8%","50.9%","424","","665","52.0%","1089","49.4%","1473","51.8%","-2.4pp"
"Harvester of Misery","B","M","5773","1.64","3689","1.67","20762","92.8%","55.7%","3594","57.7%","5460","62.6%","9054","60.7%","11549","51.6%","9.1pp"
"Hostile Investigator","B","M","5880","1.65","3970","1.69","23223","94.4%","57.0%","4135","62.6%","5936","62.1%","10071","62.3%","12964","52.9%","9.4pp"
"Generous Plunderer","R","M","9228","2.46","2703","2.75","14036","85.0%","55.1%","2552","62.2%","3253","55.9%","5805","58.7%","8227","52.5%","6.1pp"
"Legion Extruder","R","M","11117","3.00","2407","3.54","9761","68.8%","52.9%","1655","51.6%","2253","56.5%","3908","54.4%","5838","51.8%","2.6pp"
"Memory Vessel","R","M","23191","5.91","2722","9.04","207","1.3%","","38","","43","","81","","126","",""
"Molten Duplication","R","M","18679","4.88","1903","7.76","1307","11.8%","47.4%","187","","320","","507","46.2%","798","48.0%","-1.8pp"
"Territory Forge","R","M","22282","5.84","2560","9.04","239","1.6%","","41","","59","","100","","139","",""
"Ancient Cornucopia","G","M","14046","3.66","2330","4.93","7656","56.3%","50.7%","1376","50.5%","1839","50.4%","3215","50.4%","4421","50.7%","-0.3pp"
"Bristlebud Farmer","G","M","5154","1.45","3890","1.45","22983","94.6%","57.6%","3984","62.8%","5648","62.0%","9632","62.3%","13215","54.0%","8.3pp"
"Omenpath Journey","G","M","18328","4.74","2433","7.05","3638","25.4%","49.8%","614","47.7%","885","52.0%","1499","50.2%","2127","49.4%","0.8pp"
"Sandstorm Salvager","G","M","5338","1.53","3738","1.56","21687","93.8%","57.1%","3937","61.4%","5115","60.1%","9052","60.7%","12553","54.4%","6.3pp"
"Vaultborn Tyrant","G","M","4727","1.36","3691","1.36","22036","95.1%","57.9%","3574","61.5%","5500","65.8%","9074","64.1%","12679","53.1%","11.0pp"
"Loot, the Key to Everything","URG","M","16744","4.40","2563","6.11","4384","29.4%","50.8%","669","49.6%","1160","55.5%","1829","53.4%","2543","48.8%","4.6pp"
"Pest Control","WB","M","21867","5.48","2609","8.56","402","2.6%","","72","","96","","168","","234","",""
"Lost Jitte","","M","6408","1.81","2600","1.84","14012","91.0%","53.1%","2508","56.0%","3358","54.4%","5866","55.1%","8117","51.6%","3.5pp"
"Lotus Ring","","M","10291","2.85","2474","3.28","11515","78.7%","53.9%","1970","56.1%","2799","57.1%","4769","56.7%","6710","51.8%","4.9pp"
"Nexus of Becoming","","M","7140","2.06","3793","2.08","21542","93.9%","55.2%","3672","56.7%","5506","58.4%","9178","57.7%","12295","53.2%","4.5pp"
"Sword of Wealth and Power","","M","5342","1.54","2681","1.57","14557","93.8%","51.4%","2481","51.3%","3698","52.4%","6179","52.0%","8352","50.8%","1.2pp"
"Torpor Orb","","M","22961","5.84","2644","9.15","89","0.6%","","21","","24","","45","","44","",""
"Transmutation Font","","M","17480","4.41","2410","6.35","5177","37.4%","49.6%","867","45.1%","1343","50.8%","2210","48.6%","2963","50.3%","-1.8pp"
"Fomori Vault","","M","22160","5.61","2636","8.72","1225","7.8%","49.7%","198","","286","","484","","737","49.9%",""
"Tarnation Vista","","M","12696","3.06","2714","4.04","14542","90.9%","52.8%","2696","54.9%","3611","51.1%","6307","52.7%","8208","52.9%","-0.2pp"
"Fell the Mighty","W","R","17853","3.04","4561","3.55","21432","79.0%","53.8%","3417","52.6%","5199","57.5%","8616","55.5%","12780","52.5%","3.0pp"
"Fierce Retribution","W","U","96236","4.03","16183","5.58","77250","80.0%","53.8%","13088","52.6%","18905","56.0%","31993","54.6%","45157","53.2%","1.4pp"
"Journey to Nowhere","W","U","58159","2.56","22024","2.92","124853","92.9%","55.9%","21734","56.5%","30535","59.4%","52269","58.2%","72431","54.1%","4.1pp"
"Leyline Binding","W","M","8490","2.86","2701","3.30","13929","86.0%","54.4%","2328","54.3%","3415","57.9%","5743","56.4%","8165","53.0%","3.4pp"
"Pariah","W","R","32080","5.56","3416","8.81","3909","19.4%","50.2%","617","47.2%","960","50.8%","1577","49.4%","2332","50.8%","-1.4pp"
"Path to Exile","W","R","13353","2.32","4658","2.60","25035","89.8%","54.8%","4272","54.1%","6135","58.3%","10407","56.6%","14573","53.6%","3.0pp"
"Archive Trap","U","R","25995","4.48","5819","5.31","16643","49.0%","52.4%","2756","50.8%","4951","60.6%","7707","57.1%","8798","47.9%","9.2pp"
"Archmage's Charm","U","R","30399","5.05","4229","7.45","8679","34.9%","51.7%","1373","51.3%","2478","57.3%","3851","55.1%","4803","48.7%","6.4pp"
"Commandeer","U","R","34902","6.00","4071","9.31","1439","6.0%","46.2%","238","","407","","645","45.4%","789","46.9%","-1.5pp"
"Essence Capture","U","U","124031","5.63","18746","7.80","65472","59.8%","52.2%","10935","53.3%","18370","56.3%","29305","55.1%","35846","49.7%","5.5pp"
"Mana Drain","U","M","6499","2.36","2738","2.42","13772","85.0%","54.3%","2325","59.6%","3861","59.5%","6186","59.6%","7488","49.8%","9.8pp"
"Mindbreak Trap","U","M","16792","5.66","2063","8.70","646","5.3%","48.6%","90","","177","","267","","376","",""
"Repulse","U","U","92603","3.89","23479","4.81","120025","86.2%","53.7%","20915","53.6%","33439","59.1%","54354","57.0%","65090","50.8%","6.2pp"
"Heartless Pillage","B","U","129623","5.79","16778","8.62","45911","46.7%","52.3%","7618","52.6%","12012","54.7%","19630","53.9%","26179","51.0%","2.9pp"
"Imp's Mischief","B","R","31779","5.38","3680","8.18","5789","27.2%","47.7%","908","44.1%","1442","49.4%","2350","47.4%","3426","48.0%","-0.6pp"
"Murder","B","U","71492","3.12","20099","3.74","108812","91.4%","53.8%","18588","53.3%","28677","58.1%","47265","56.2%","61156","51.9%","4.4pp"
"Overwhelming Forces","B","M","5812","2.23","3146","2.19","17846","91.2%","57.4%","2799","60.7%","4838","67.4%","7637","64.9%","10021","51.3%","13.6pp"
"Reanimate","B","R","13218","2.35","5275","2.52","27011","88.5%","52.3%","4506","50.8%","7058","55.3%","11564","53.5%","15320","51.3%","2.2pp"
"Surgical Extraction","B","R","36600","6.29","4045","9.80","254","1.0%","","39","","69","","108","","146","",""
"Thoughtseize","B","M","9561","3.21","1900","4.07","8171","73.4%","52.4%","1452","53.9%","2140","54.9%","3592","54.5%","4540","50.6%","3.9pp"
"Collective Defiance","R","R","18612","3.11","3998","3.84","19598","83.0%","53.4%","3083","53.5%","4792","56.4%","7875","55.3%","11695","52.0%","3.2pp"
"Crackle with Power","R","M","8772","3.13","2468","3.54","11935","80.4%","54.3%","1826","53.2%","2994","60.7%","4820","57.8%","7086","51.7%","6.1pp"
"Electrodominance","R","R","19941","3.35","3522","4.24","16198","78.5%","52.1%","2511","49.4%","3949","54.9%","6460","52.8%","9707","51.5%","1.2pp"
"Fling","R","U","142936","6.95","15642","10.43","18015","19.6%","51.1%","2679","47.6%","4175","52.6%","6854","50.6%","11136","51.4%","-0.8pp"
"Indomitable Creativity","R","M","17229","5.92","1976","9.22","275","2.3%","","34","","65","","99","","176","",""
"Skewer the Critics","R","U","94566","3.95","15818","5.35","77423","83.2%","52.7%","12804","52.1%","18825","53.9%","31629","53.2%","45678","52.3%","0.9pp"
"Skullcrack","R","R","32745","5.76","3187","9.08","2598","14.0%","46.3%","402","","579","46.6%","981","45.2%","1615","46.9%","-1.8pp"
"Clear Shot","G","U","65313","2.82","25596","3.26","144712","93.4%","55.6%","24110","55.1%","34596","58.8%","58706","57.3%","85528","54.5%","2.8pp"
"Force of Vigor","G","M","15888","5.22","1788","8.21","626","5.9%","48.6%","89","","157","","246","","379","",""
"Pest Infestation","G","R","14023","2.43","8033","2.53","45514","92.3%","56.6%","7476","57.7%","11325","63.0%","18801","60.9%","26474","53.4%","7.5pp"
"Primal Command","G","R","17802","3.00","5922","3.47","29348","82.6%","55.3%","4620","53.8%","7100","59.5%","11720","57.2%","17553","54.1%","3.1pp"
"Primal Might","G","R","12743","2.20","6112","2.39","34567","92.8%","55.6%","5578","55.4%","8327","59.5%","13905","57.9%","20536","54.0%","3.8pp"
"Thornado","G","U","144440","6.70","18470","9.95","31933","29.0%","52.2%","5235","49.3%","7357","50.6%","12592","50.1%","19243","53.5%","-3.4pp"
"Abrupt Decay","BG","R","24419","3.95","5063","5.25","21624","72.0%","54.2%","3680","54.8%","5450","58.2%","9130","56.8%","12396","52.3%","4.5pp"
"Anguished Unmaking","WB","M","12264","4.03","2059","5.51","7335","60.9%","52.2%","1205","51.5%","1871","55.1%","3076","53.7%","4243","51.0%","2.7pp"
"Back for More","BG","U","92109","4.03","27297","4.85","129317","78.8%","55.0%","20176","53.6%","32552","58.7%","52728","56.7%","76079","53.6%","3.1pp"
"Bedevil","BR","R","26121","4.32","4022","5.99","15737","66.7%","51.8%","2533","50.8%","3976","54.2%","6509","52.9%","9176","50.9%","2.0pp"
"Buried in the Garden","WG","U","68315","3.02","27315","3.39","148766","88.7%","56.7%","25067","57.9%","35614","60.6%","60681","59.5%","87756","54.7%","4.8pp"
"Crime // Punishment","WBG","M","11250","3.91","2305","5.01","8082","60.2%","52.4%","1242","52.5%","2061","55.5%","3303","54.4%","4738","51.0%","3.4pp"
"Cruel Ultimatum","UBR","R","26470","4.55","5857","5.48","18225","52.3%","53.9%","2896","55.5%","5259","63.2%","8155","60.4%","9868","48.0%","12.5pp"
"Decimate","RG","R","35597","6.39","4006","9.93","1034","4.3%","47.0%","157","","253","","410","","623","50.7%",""
"Decisive Denial","UG","U","136107","6.32","18797","9.14","46649","42.1%","52.1%","7464","50.5%","11954","55.2%","19418","53.4%","26804","50.9%","2.5pp"
"Detention Sphere","WU","R","24837","4.07","4872","5.23","18740","65.7%","52.2%","3063","51.4%","5164","56.4%","8227","54.5%","10457","50.3%","4.3pp"
"Endless Detour","WUG","R","37821","6.37","4915","9.50","4474","15.1%","53.2%","732","54.1%","1164","56.5%","1896","55.6%","2552","51.3%","4.3pp"
"Fractured Identity","WU","M","5827","2.20","3330","2.18","18490","90.9%","55.9%","3065","59.5%","5035","64.2%","8100","62.4%","10275","50.7%","11.8pp"
"Hindering Light","WU","U","146490","7.49","16949","10.99","15050","15.1%","48.2%","2425","44.9%","4123","51.1%","6548","48.8%","8467","47.7%","1.1pp"
"Humiliate","WB","U","142396","6.87","20576","9.66","43281","35.3%","55.0%","7217","57.8%","10885","57.2%","18102","57.5%","25141","53.1%","4.3pp"
"Hypothesizzle","UR","U","121964","5.54","20051","7.56","67480","57.9%","51.0%","10776","50.3%","18536","54.8%","29312","53.1%","37931","49.2%","4.0pp"
"Ionize","UR","R","32286","5.46","4479","7.94","10292","39.1%","50.9%","1677","49.5%","2969","57.0%","4646","54.3%","5603","47.8%","6.4pp"
"Oko, Thief of Crowns","UG","M","3342","1.30","2819","1.30","16497","94.5%","56.9%","2939","64.4%","4237","63.8%","7176","64.1%","9185","51.2%","12.8pp"
"Outlaws' Merriment","WR","R","15668","2.83","5307","3.06","26169","82.1%","54.4%","4372","59.7%","6331","56.6%","10703","57.9%","15461","52.0%","5.9pp"
"Ride Down","WR","U","138177","6.61","16140","9.74","32461","33.8%","53.6%","5034","51.5%","7177","53.7%","12211","52.8%","20242","54.1%","-1.3pp"
"Savage Smash","RG","U","119172","5.20","18472","7.32","68896","62.5%","53.5%","11064","51.2%","15540","53.9%","26604","52.8%","42180","54.0%","-1.2pp"
"Siphon Insight","UB","R","25401","4.24","5139","5.55","20784","69.1%","52.6%","3530","52.4%","5867","57.3%","9397","55.4%","11308","50.2%","5.2pp"
"Terminal Agony","BR","U","124825","5.62","16763","8.15","54500","55.4%","52.0%","8783","50.3%","13945","55.1%","22728","53.2%","31582","51.1%","2.1pp"
"Tyrant's Scorn","UB","U","116603","5.16","22058","6.77","90483","69.4%","53.3%","15541","54.2%","25803","58.9%","41344","57.1%","48695","49.9%","7.2pp"
"Vanishing Verse","WB","R","25985","4.34","5123","5.60","21558","69.5%","55.3%","3678","56.1%","5474","60.7%","9152","58.8%","12360","52.6%","6.2pp"
"Villainous Wealth","UBG","R","20820","3.64","6396","4.13","28862","77.6%","52.0%","4610","47.6%","7951","57.9%","12561","54.1%","15870","49.9%","4.3pp"
"Void Rend","WUB","R","34513","5.82","4703","8.59","7301","26.3%","51.1%","1233","49.3%","2002","57.9%","3235","54.7%","4034","48.1%","6.6pp"
"Voidslime","UG","R","35967","6.21","4448","9.38","4583","17.4%","50.1%","751","44.5%","1141","56.2%","1892","51.5%","2649","48.8%","2.8pp"
"Contagion Engine","","M","6499","2.44","2472","2.60","12573","86.4%","52.4%","1991","48.6%","3242","55.9%","5233","53.1%","7311","51.9%","1.2pp"
"Grindstone","","M","14203","4.84","1594","7.38","2175","23.5%","45.4%","400","","588","46.4%","988","42.3%","1184","48.1%","-5.7pp"
"Mindslaver","","M","9966","3.52","2026","4.30","7316","62.8%","51.0%","1162","47.9%","1879","51.7%","3041","50.2%","4262","51.6%","-1.3pp"
"Unlicensed Hearse","","R","18252","3.05","4295","3.70","20486","81.8%","51.7%","3527","51.1%","5119","53.1%","8646","52.3%","11831","51.2%","1.2pp"
"Dust Bowl","","R","38100","6.57","4232","10.22","1271","5.0%","50.2%","210","","302","","512","46.7%","756","52.5%","-5.8pp"